"Date Printed: Wednesday, February 8, 2023 7:17:50 PM"
Title: "HIV diagnoses | 2008 | 2009 | 2010 | 2011 | 2012 | 2013 | 2014 | 2015 | 2016 | 2017 | 2018 | 2019 | 2020 (COVID-19 Pandemic) | 2021 | 2022 | Abbeville County, SC | Acadia Parish, LA | Accomack County, VA | Ada County, ID | Adair County, IA | Adair County, KY | Adair County, MO | Adair County, OK | Adams County, CO | Adams County, IA | Adams County, ID | Adams County, IL | Adams County, IN | Adams County, MS | Adams County, ND | Adams County, NE | Adams County, OH | Adams County, PA | Adams County, WA | Adams County, WI | Addison County, VT | Adjuntas Municipio, PR | Aguada Municipio, PR | Aguadilla Municipio, PR | Aguas Buenas Municipio, PR | Aibonito Municipio, PR | Aiken County, SC | Aitkin County, MN | Alachua County, FL | Alamance County, NC | Alameda County, CA | Alamosa County, CO | Albany County, NY | Albany County, WY | Albemarle County, VA | Alcona County, MI | Alcorn County, MS | Aleutians East Borough, AK | Aleutians West Census Area, AK | Alexander County, IL | Alexander County, NC | Alexandria City, VA | Alfalfa County, OK | Alger County, MI | Allamakee County, IA | Allegan County, MI | Allegany County, MD | Allegany County, NY | Alleghany County, NC | Alleghany County, VA | Allegheny County, PA | Allen County, IN | Allen County, KS | Allen County, KY | Allen County, OH | Allen Parish, LA | Allendale County, SC | Alpena County, MI | Alpine County, CA | Amador County, CA | Amelia County, VA | Amherst County, VA | Amite County, MS | Anchorage Municipality, AK | Anderson County, KS | Anderson County, KY | Anderson County, SC | Anderson County, TN | Anderson County, TX | Andrew County, MO | Andrews County, TX | Androscoggin County, ME | Angelina County, TX | Anne Arundel County, MD | Anoka County, MN | Anson County, NC | Antelope County, NE | Antrim County, MI | Apache County, AZ | Appanoose County, IA | Appling County, GA | Appomattox County, VA | Aransas County, TX | Arapahoe County, CO | Archer County, TX | Archuleta County, CO | Arecibo Municipio, PR | Arenac County, MI | Arkansas County, AR | Arlington County, VA | Armstrong County, PA | Armstrong County, TX | Aroostook County, ME | Arroyo Municipio, PR | Arthur County, NE | Ascension Parish, LA | Ashe County, NC | Ashland County, OH | Ashland County, WI | Ashley County, AR | Ashtabula County, OH | Asotin County, WA | Assumption Parish, LA | Atascosa County, TX | Atchison County, KS | Atchison County, MO | Athens County, OH | Atkinson County, GA | Atlantic County, NJ | Atoka County, OK | Attala County, MS | Audrain County, MO | Audubon County, IA | Auglaize County, OH | Augusta County, VA | Aurora County, SD | Austin County, TX | Autauga County, AL | Avery County, NC | Avoyelles Parish, LA | Añasco Municipio, PR | Baca County, CO | Bacon County, GA | Bailey County, TX | Baker County, FL | Baker County, GA | Baker County, OR | Baldwin County, AL | Baldwin County, GA | Ballard County, KY | Baltimore City, MD | Baltimore County, MD | Bamberg County, SC | Bandera County, TX | Banks County, GA | Banner County, NE | Bannock County, ID | Baraga County, MI | Barber County, KS | Barbour County, AL | Barbour County, WV | Barceloneta Municipio, PR | Barnes County, ND | Barnstable County, MA | Barnwell County, SC | Barranquitas Municipio, PR | Barren County, KY | Barron County, WI | Barrow County, GA | Barry County, MI | Barry County, MO | Bartholomew County, IN | Barton County, KS | Barton County, MO | Bartow County, GA | Bastrop County, TX | Bates County, MO | Bath County, KY | Bath County, VA | Baxter County, AR | Bay County, FL | Bay County, MI | Bayamón Municipio, PR | Bayfield County, WI | Baylor County, TX | Beadle County, SD | Bear Lake County, ID | Beaufort County, NC | Beaufort County, SC | Beauregard Parish, LA | Beaver County, OK | Beaver County, PA | Beaver County, UT | Beaverhead County, MT | Becker County, MN | Beckham County, OK | Bedford County, PA | Bedford County, TN | Bedford County, VA | Bee County, TX | Belknap County, NH | Bell County, KY | Bell County, TX | Belmont County, OH | Beltrami County, MN | Ben Hill County, GA | Benewah County, ID | Bennett County, SD | Bennington County, VT | Benson County, ND | Bent County, CO | Benton County, AR | Benton County, IA | Benton County, IN | Benton County, MN | Benton County, MO | Benton County, MS | Benton County, OR | Benton County, TN | Benton County, WA | Benzie County, MI | Bergen County, NJ | Berkeley County, SC | Berkeley County, WV | Berks County, PA | Berkshire County, MA | Bernalillo County, NM | Berrien County, GA | Berrien County, MI | Bertie County, NC | Bethel Census Area, AK | Bexar County, TX | Bibb County, AL | Bibb County, GA | Bienville Parish, LA | Big Horn County, MT | Big Horn County, WY | Big Stone County, MN | Billings County, ND | Bingham County, ID | Black Hawk County, IA | Blackford County, IN | Bladen County, NC | Blaine County, ID | Blaine County, MT | Blaine County, NE | Blaine County, OK | Blair County, PA | Blanco County, TX | Bland County, VA | Bleckley County, GA | Bledsoe County, TN | Blount County, AL | Blount County, TN | Blue Earth County, MN | Boise County, ID | Bolivar County, MS | Bollinger County, MO | Bon Homme County, SD | Bond County, IL | Bonner County, ID | Bonneville County, ID | Boone County, AR | Boone County, IA | Boone County, IL | Boone County, IN | Boone County, KY | Boone County, MO | Boone County, NE | Boone County, WV | Borden County, TX | Bosque County, TX | Bossier Parish, LA | Botetourt County, VA | Bottineau County, ND | Boulder County, CO | Boundary County, ID | Bourbon County, KS | Bourbon County, KY | Bowie County, TX | Bowman County, ND | Box Butte County, NE | Box Elder County, UT | Boyd County, KY | Boyd County, NE | Boyle County, KY | Bracken County, KY | Bradford County, FL | Bradford County, PA | Bradley County, AR | Bradley County, TN | Branch County, MI | Brantley County, GA | Braxton County, WV | Brazoria County, TX | Brazos County, TX | Breathitt County, KY | Breckinridge County, KY | Bremer County, IA | Brevard County, FL | Brewster County, TX | Briscoe County, TX | Bristol Bay Borough, AK | Bristol City, VA | Bristol County, MA | Bristol County, RI | Broadwater County, MT | Bronx County, NY | Brooke County, WV | Brookings County, SD | Brooks County, GA | Brooks County, TX | Broome County, NY | Broomfield County, CO | Broward County, FL | Brown County, IL | Brown County, IN | Brown County, KS | Brown County, MN | Brown County, NE | Brown County, OH | Brown County, SD | Brown County, TX | Brown County, WI | Brule County, SD | Brunswick County, NC | Brunswick County, VA | Bryan County, GA | Bryan County, OK | Buchanan County, IA | Buchanan County, MO | Buchanan County, VA | Buckingham County, VA | Bucks County, PA | Buena Vista City, VA | Buena Vista County, IA | Buffalo County, NE | Buffalo County, SD | Buffalo County, WI | Bullitt County, KY | Bulloch County, GA | Bullock County, AL | Buncombe County, NC | Bureau County, IL | Burke County, GA | Burke County, NC | Burke County, ND | Burleigh County, ND | Burleson County, TX | Burlington County, NJ | Burnet County, TX | Burnett County, WI | Burt County, NE | Butler County, AL | Butler County, IA | Butler County, KS | Butler County, KY | Butler County, MO | Butler County, NE | Butler County, OH | Butler County, PA | Butte County, CA | Butte County, ID | Butte County, SD | Butts County, GA | Cabarrus County, NC | Cabell County, WV | Cabo Rojo Municipio, PR | Cache County, UT | Caddo County, OK | Caddo Parish, LA | Caguas Municipio, PR | Calaveras County, CA | Calcasieu Parish, LA | Caldwell County, KY | Caldwell County, MO | Caldwell County, NC | Caldwell County, TX | Caldwell Parish, LA | Caledonia County, VT | Calhoun County, AL | Calhoun County, AR | Calhoun County, FL | Calhoun County, GA | Calhoun County, IA | Calhoun County, IL | Calhoun County, MI | Calhoun County, MS | Calhoun County, SC | Calhoun County, TX | Calhoun County, WV | Callahan County, TX | Callaway County, MO | Calloway County, KY | Calumet County, WI | Calvert County, MD | Camas County, ID | Cambria County, PA | Camden County, GA | Camden County, MO | Camden County, NC | Camden County, NJ | Cameron County, PA | Cameron County, TX | Cameron Parish, LA | Camp County, TX | Campbell County, KY | Campbell County, SD | Campbell County, TN | Campbell County, VA | Campbell County, WY | Camuy Municipio, PR | Canadian County, OK | Candler County, GA | Cannon County, TN | Canyon County, ID | Canóvanas Municipio, PR | Cape Girardeau County, MO | Cape May County, NJ | Carbon County, MT | Carbon County, PA | Carbon County, UT | Carbon County, WY | Caribou County, ID | Carlisle County, KY | Carlton County, MN | Carolina Municipio, PR | Caroline County, MD | Caroline County, VA | Carroll County, AR | Carroll County, GA | Carroll County, IA | Carroll County, IL | Carroll County, IN | Carroll County, KY | Carroll County, MD | Carroll County, MO | Carroll County, MS | Carroll County, NH | Carroll County, OH | Carroll County, TN | Carroll County, VA | Carson City, NV | Carson County, TX | Carter County, KY | Carter County, MO | Carter County, MT | Carter County, OK | Carter County, TN | Carteret County, NC | Carver County, MN | Cascade County, MT | Casey County, KY | Cass County, IA | Cass County, IL | Cass County, IN | Cass County, MI | Cass County, MN | Cass County, MO | Cass County, ND | Cass County, NE | Cass County, TX | Cassia County, ID | Castro County, TX | Caswell County, NC | Catahoula Parish, LA | Catawba County, NC | Cataño Municipio, PR | Catoosa County, GA | Catron County, NM | Cattaraugus County, NY | Cavalier County, ND | Cayey Municipio, PR | Cayuga County, NY | Cecil County, MD | Cedar County, IA | Cedar County, MO | Cedar County, NE | Ceiba Municipio, PR | Centre County, PA | Cerro Gordo County, IA | Chaffee County, CO | Chambers County, AL | Chambers County, TX | Champaign County, IL | Champaign County, OH | Chariton County, MO | Charles City County, VA | Charles County, MD | Charles Mix County, SD | Charleston County, SC | Charlevoix County, MI | Charlotte County, FL | Charlotte County, VA | Charlottesville City, VA | Charlton County, GA | Chase County, KS | Chase County, NE | Chatham County, GA | Chatham County, NC | Chattahoochee County, GA | Chattooga County, GA | Chautauqua County, KS | Chautauqua County, NY | Chaves County, NM | Cheatham County, TN | Cheboygan County, MI | Chelan County, WA | Chemung County, NY | Chenango County, NY | Cherokee County, AL | Cherokee County, GA | Cherokee County, IA | Cherokee County, KS | Cherokee County, NC | Cherokee County, OK | Cherokee County, SC | Cherokee County, TX | Cherry County, NE | Chesapeake City, VA | Cheshire County, NH | Chester County, PA | Chester County, SC | Chester County, TN | Chesterfield County, SC | Chesterfield County, VA | Cheyenne County, CO | Cheyenne County, KS | Cheyenne County, NE | Chickasaw County, IA | Chickasaw County, MS | Chicot County, AR | Childress County, TX | Chilton County, AL | Chippewa County, MI | Chippewa County, MN | Chippewa County, WI | Chisago County, MN | Chittenden County, VT | Choctaw County, AL | Choctaw County, MS | Choctaw County, OK | Chouteau County, MT | Chowan County, NC | Christian County, IL | Christian County, KY | Christian County, MO | Chugach Census Area, AK | Churchill County, NV | Ciales Municipio, PR | Cibola County, NM | Cidra Municipio, PR | Cimarron County, OK | Citrus County, FL | Clackamas County, OR | Claiborne County, MS | Claiborne County, TN | Claiborne Parish, LA | Clallam County, WA | Clare County, MI | Clarendon County, SC | Clarion County, PA | Clark County, AR | Clark County, ID | Clark County, IL | Clark County, IN | Clark County, KS | Clark County, KY | Clark County, MO | Clark County, NV | Clark County, OH | Clark County, SD | Clark County, WA | Clark County, WI | Clarke County, AL | Clarke County, GA | Clarke County, IA | Clarke County, MS | Clarke County, VA | Clatsop County, OR | Clay County, AL | Clay County, AR | Clay County, FL | Clay County, GA | Clay County, IA | Clay County, IL | Clay County, IN | Clay County, KS | Clay County, KY | Clay County, MN | Clay County, MO | Clay County, MS | Clay County, NC | Clay County, NE | Clay County, SD | Clay County, TN | Clay County, TX | Clay County, WV | Clayton County, GA | Clayton County, IA | Clear Creek County, CO | Clearfield County, PA | Clearwater County, ID | Clearwater County, MN | Cleburne County, AL | Cleburne County, AR | Clermont County, OH | Cleveland County, AR | Cleveland County, NC | Cleveland County, OK | Clinch County, GA | Clinton County, IA | Clinton County, IL | Clinton County, IN | Clinton County, KY | Clinton County, MI | Clinton County, MO | Clinton County, NY | Clinton County, OH | Clinton County, PA | Cloud County, KS | Coahoma County, MS | Coal County, OK | Coamo Municipio, PR | Cobb County, GA | Cochise County, AZ | Cochran County, TX | Cocke County, TN | Coconino County, AZ | Codington County, SD | Coffee County, AL | Coffee County, GA | Coffee County, TN | Coffey County, KS | Coke County, TX | Colbert County, AL | Cole County, MO | Coleman County, TX | Coles County, IL | Colfax County, NE | Colfax County, NM | Colleton County, SC | Collier County, FL | Collin County, TX | Collingsworth County, TX | Colonial Heights City, VA | Colorado County, TX | Colquitt County, GA | Columbia County, AR | Columbia County, FL | Columbia County, GA | Columbia County, NY | Columbia County, OR | Columbia County, PA | Columbia County, WA | Columbia County, WI | Columbiana County, OH | Columbus County, NC | Colusa County, CA | Comal County, TX | Comanche County, KS | Comanche County, OK | Comanche County, TX | Comerío Municipio, PR | Concho County, TX | Concordia Parish, LA | Conecuh County, AL | Conejos County, CO | Contra Costa County, CA | Converse County, WY | Conway County, AR | Cook County, GA | Cook County, IL | Cook County, MN | Cooke County, TX | Cooper County, MO | Coos County, NH | Coos County, OR | Coosa County, AL | Copiah County, MS | Copper River Census Area, AK | Corozal Municipio, PR | Corson County, SD | Cortland County, NY | Coryell County, TX | Coshocton County, OH | Costilla County, CO | Cottle County, TX | Cotton County, OK | Cottonwood County, MN | Covington City, VA | Covington County, AL | Covington County, MS | Coweta County, GA | Cowley County, KS | Cowlitz County, WA | Craig County, OK | Craig County, VA | Craighead County, AR | Crane County, TX | Craven County, NC | Crawford County, AR | Crawford County, GA | Crawford County, IA | Crawford County, IL | Crawford County, IN | Crawford County, KS | Crawford County, MI | Crawford County, MO | Crawford County, OH | Crawford County, PA | Crawford County, WI | Creek County, OK | Crenshaw County, AL | Crisp County, GA | Crittenden County, AR | Crittenden County, KY | Crockett County, TN | Crockett County, TX | Crook County, OR | Crook County, WY | Crosby County, TX | Cross County, AR | Crow Wing County, MN | Crowley County, CO | Culberson County, TX | Culebra Municipio, PR | Cullman County, AL | Culpeper County, VA | Cumberland County, IL | Cumberland County, KY | Cumberland County, ME | Cumberland County, NC | Cumberland County, NJ | Cumberland County, PA | Cumberland County, TN | Cumberland County, VA | Cuming County, NE | Currituck County, NC | Curry County, NM | Curry County, OR | Custer County, CO | Custer County, ID | Custer County, MT | Custer County, NE | Custer County, OK | Custer County, SD | Cuyahoga County, OH | Dade County, GA | Dade County, MO | Daggett County, UT | Dakota County, MN | Dakota County, NE | Dale County, AL | Dallam County, TX | Dallas County, AL | Dallas County, AR | Dallas County, IA | Dallas County, MO | Dallas County, TX | Dane County, WI | Daniels County, MT | Danville City, VA | Dare County, NC | Darke County, OH | Darlington County, SC | Dauphin County, PA | Davidson County, NC | Davidson County, TN | Davie County, NC | Daviess County, IN | Daviess County, KY | Daviess County, MO | Davis County, IA | Davis County, UT | Davison County, SD | Dawes County, NE | Dawson County, GA | Dawson County, MT | Dawson County, NE | Dawson County, TX | Day County, SD | De Baca County, NM | De Soto Parish, LA | De Witt County, IL | Deaf Smith County, TX | Dearborn County, IN | Decatur County, GA | Decatur County, IA | Decatur County, IN | Decatur County, KS | Decatur County, TN | Deer Lodge County, MT | Defiance County, OH | Dekalb County, AL | Dekalb County, GA | Dekalb County, IL | Dekalb County, IN | Dekalb County, MO | Dekalb County, TN | Del Norte County, CA | Delaware County, IA | Delaware County, IN | Delaware County, NY | Delaware County, OH | Delaware County, OK | Delaware County, PA | Delta County, CO | Delta County, MI | Delta County, TX | Denali Borough, AK | Dent County, MO | Denton County, TX | Denver County, CO | Des Moines County, IA | Deschutes County, OR | Desha County, AR | Desoto County, FL | Desoto County, MS | Deuel County, NE | Deuel County, SD | Dewey County, OK | Dewey County, SD | Dewitt County, TX | Dickens County, TX | Dickenson County, VA | Dickey County, ND | Dickinson County, IA | Dickinson County, KS | Dickinson County, MI | Dickson County, TN | Dillingham Census Area, AK | Dillon County, SC | Dimmit County, TX | Dinwiddie County, VA | District of Columbia, DC | Divide County, ND | Dixie County, FL | Dixon County, NE | Doddridge County, WV | Dodge County, GA | Dodge County, MN | Dodge County, NE | Dodge County, WI | Dolores County, CO | Doniphan County, KS | Donley County, TX | Dooly County, GA | Door County, WI | Dorado Municipio, PR | Dorchester County, MD | Dorchester County, SC | Dougherty County, GA | Douglas County, CO | Douglas County, GA | Douglas County, IL | Douglas County, KS | Douglas County, MN | Douglas County, MO | Douglas County, NE | Douglas County, NV | Douglas County, OR | Douglas County, SD | Douglas County, WA | Douglas County, WI | Doña Ana County, NM | Drew County, AR | Dubois County, IN | Dubuque County, IA | Duchesne County, UT | Dukes County, MA | Dundy County, NE | Dunklin County, MO | Dunn County, ND | Dunn County, WI | Dupage County, IL | Duplin County, NC | Durham County, NC | Dutchess County, NY | Duval County, FL | Duval County, TX | Dyer County, TN | Eagle County, CO | Early County, GA | East Baton Rouge Parish, LA | East Carroll Parish, LA | East Feliciana Parish, LA | Eastland County, TX | Eaton County, MI | Eau Claire County, WI | Echols County, GA | Ector County, TX | Eddy County, ND | Eddy County, NM | Edgar County, IL | Edgecombe County, NC | Edgefield County, SC | Edmonson County, KY | Edmunds County, SD | Edwards County, IL | Edwards County, KS | Edwards County, TX | Effingham County, GA | Effingham County, IL | El Dorado County, CA | El Paso County, CO | El Paso County, TX | Elbert County, CO | Elbert County, GA | Elk County, KS | Elk County, PA | Elkhart County, IN | Elko County, NV | Elliott County, KY | Ellis County, KS | Ellis County, OK | Ellis County, TX | Ellsworth County, KS | Elmore County, AL | Elmore County, ID | Emanuel County, GA | Emery County, UT | Emmet County, IA | Emmet County, MI | Emmons County, ND | Emporia City, VA | Erath County, TX | Erie County, NY | Erie County, OH | Erie County, PA | Escambia County, AL | Escambia County, FL | Esmeralda County, NV | Essex County, MA | Essex County, NJ | Essex County, NY | Essex County, VA | Essex County, VT | Estill County, KY | Etowah County, AL | Eureka County, NV | Evangeline Parish, LA | Evans County, GA | Fairbanks North Star Borough, AK | Fairfax City, VA | Fairfax County, VA | Fairfield County, CT | Fairfield County, OH | Fairfield County, SC | Fajardo Municipio, PR | Fall River County, SD | Fallon County, MT | Falls Church City, VA | Falls County, TX | Fannin County, GA | Fannin County, TX | Faribault County, MN | Faulk County, SD | Faulkner County, AR | Fauquier County, VA | Fayette County, AL | Fayette County, GA | Fayette County, IA | Fayette County, IL | Fayette County, IN | Fayette County, KY | Fayette County, OH | Fayette County, PA | Fayette County, TN | Fayette County, TX | Fayette County, WV | Fentress County, TN | Fergus County, MT | Ferry County, WA | Fillmore County, MN | Fillmore County, NE | Finney County, KS | Fisher County, TX | Flagler County, FL | Flathead County, MT | Fleming County, KY | Florence County, SC | Florence County, WI | Florida Municipio, PR | Floyd County, GA | Floyd County, IA | Floyd County, IN | Floyd County, KY | Floyd County, TX | Floyd County, VA | Fluvanna County, VA | Foard County, TX | Fond Du Lac County, WI | Ford County, IL | Ford County, KS | Forest County, PA | Forest County, WI | Forrest County, MS | Forsyth County, GA | Forsyth County, NC | Fort Bend County, TX | Foster County, ND | Fountain County, IN | Franklin City, VA | Franklin County, AL | Franklin County, AR | Franklin County, FL | Franklin County, GA | Franklin County, IA | Franklin County, ID | Franklin County, IL | Franklin County, IN | Franklin County, KS | Franklin County, KY | Franklin County, MA | Franklin County, ME | Franklin County, MO | Franklin County, MS | Franklin County, NC | Franklin County, NE | Franklin County, NY | Franklin County, OH | Franklin County, PA | Franklin County, TN | Franklin County, TX | Franklin County, VA | Franklin County, VT | Franklin County, WA | Franklin Parish, LA | Frederick County, MD | Frederick County, VA | Fredericksburg City, VA | Freeborn County, MN | Freestone County, TX | Fremont County, CO | Fremont County, IA | Fremont County, ID | Fremont County, WY | Fresno County, CA | Frio County, TX | Frontier County, NE | Fulton County, AR | Fulton County, GA | Fulton County, IL | Fulton County, IN | Fulton County, KY | Fulton County, NY | Fulton County, OH | Fulton County, PA | Furnas County, NE | Gadsden County, FL | Gage County, NE | Gaines County, TX | Galax City, VA | Gallatin County, IL | Gallatin County, KY | Gallatin County, MT | Gallia County, OH | Galveston County, TX | Garden County, NE | Garfield County, CO | Garfield County, MT | Garfield County, NE | Garfield County, OK | Garfield County, UT | Garfield County, WA | Garland County, AR | Garrard County, KY | Garrett County, MD | Garvin County, OK | Garza County, TX | Gasconade County, MO | Gaston County, NC | Gates County, NC | Geary County, KS | Geauga County, OH | Gem County, ID | Genesee County, MI | Genesee County, NY | Geneva County, AL | Gentry County, MO | George County, MS | Georgetown County, SC | Gibson County, IN | Gibson County, TN | Gila County, AZ | Gilchrist County, FL | Giles County, TN | Giles County, VA | Gillespie County, TX | Gilliam County, OR | Gilmer County, GA | Gilmer County, WV | Gilpin County, CO | Glacier County, MT | Glades County, FL | Gladwin County, MI | Glascock County, GA | Glasscock County, TX | Glenn County, CA | Gloucester County, NJ | Gloucester County, VA | Glynn County, GA | Gogebic County, MI | Golden Valley County, MT | Golden Valley County, ND | Goliad County, TX | Gonzales County, TX | Goochland County, VA | Goodhue County, MN | Gooding County, ID | Gordon County, GA | Goshen County, WY | Gosper County, NE | Gove County, KS | Grady County, GA | Grady County, OK | Grafton County, NH | Graham County, AZ | Graham County, KS | Graham County, NC | Grainger County, TN | Grand County, CO | Grand County, UT | Grand Forks County, ND | Grand Isle County, VT | Grand Traverse County, MI | Granite County, MT | Grant County, AR | Grant County, IN | Grant County, KS | Grant County, KY | Grant County, MN | Grant County, ND | Grant County, NE | Grant County, NM | Grant County, OK | Grant County, OR | Grant County, SD | Grant County, WA | Grant County, WI | Grant County, WV | Grant Parish, LA | Granville County, NC | Gratiot County, MI | Graves County, KY | Gray County, KS | Gray County, TX | Grays Harbor County, WA | Grayson County, KY | Grayson County, TX | Grayson County, VA | Greeley County, KS | Greeley County, NE | Green County, KY | Green County, WI | Green Lake County, WI | Greenbrier County, WV | Greene County, AL | Greene County, AR | Greene County, GA | Greene County, IA | Greene County, IL | Greene County, IN | Greene County, MO | Greene County, MS | Greene County, NC | Greene County, NY | Greene County, OH | Greene County, PA | Greene County, TN | Greene County, VA | Greenlee County, AZ | Greensville County, VA | Greenup County, KY | Greenville County, SC | Greenwood County, KS | Greenwood County, SC | Greer County, OK | Gregg County, TX | Gregory County, SD | Grenada County, MS | Griggs County, ND | Grimes County, TX | Grundy County, IA | Grundy County, IL | Grundy County, MO | Grundy County, TN | Guadalupe County, NM | Guadalupe County, TX | Guayama Municipio, PR | Guayanilla Municipio, PR | Guaynabo Municipio, PR | Guernsey County, OH | Guilford County, NC | Gulf County, FL | Gunnison County, CO | Gurabo Municipio, PR | Guthrie County, IA | Guánica Municipio, PR | Gwinnett County, GA | Haakon County, SD | Habersham County, GA | Haines Borough, AK | Hale County, AL | Hale County, TX | Halifax County, NC | Halifax County, VA | Hall County, GA | Hall County, NE | Hall County, TX | Hamblen County, TN | Hamilton County, FL | Hamilton County, IA | Hamilton County, IL | Hamilton County, IN | Hamilton County, KS | Hamilton County, NE | Hamilton County, NY | Hamilton County, OH | Hamilton County, TN | Hamilton County, TX | Hamlin County, SD | Hampden County, MA | Hampshire County, MA | Hampshire County, WV | Hampton City, VA | Hampton County, SC | Hancock County, GA | Hancock County, IA | Hancock County, IL | Hancock County, IN | Hancock County, KY | Hancock County, ME | Hancock County, MS | Hancock County, OH | Hancock County, TN | Hancock County, WV | Hand County, SD | Hanover County, VA | Hansford County, TX | Hanson County, SD | Haralson County, GA | Hardee County, FL | Hardeman County, TN | Hardeman County, TX | Hardin County, IA | Hardin County, IL | Hardin County, KY | Hardin County, OH | Hardin County, TN | Hardin County, TX | Harding County, NM | Harding County, SD | Hardy County, WV | Harford County, MD | Harlan County, KY | Harlan County, NE | Harmon County, OK | Harnett County, NC | Harney County, OR | Harper County, KS | Harper County, OK | Harris County, GA | Harris County, TX | Harrison County, IA | Harrison County, IN | Harrison County, KY | Harrison County, MO | Harrison County, MS | Harrison County, OH | Harrison County, TX | Harrison County, WV | Harrisonburg City, VA | Hart County, GA | Hart County, KY | Hartford County, CT | Hartley County, TX | Harvey County, KS | Haskell County, KS | Haskell County, OK | Haskell County, TX | Hatillo Municipio, PR | Hawaii County, HI | Hawkins County, TN | Hayes County, NE | Hays County, TX | Haywood County, NC | Haywood County, TN | Heard County, GA | Hemphill County, TX | Hempstead County, AR | Henderson County, IL | Henderson County, KY | Henderson County, NC | Henderson County, TN | Henderson County, TX | Hendricks County, IN | Hendry County, FL | Hennepin County, MN | Henrico County, VA | Henry County, AL | Henry County, GA | Henry County, IA | Henry County, IL | Henry County, IN | Henry County, KY | Henry County, MO | Henry County, OH | Henry County, TN | Henry County, VA | Herkimer County, NY | Hernando County, FL | Hertford County, NC | Hettinger County, ND | Hickman County, KY | Hickman County, TN | Hickory County, MO | Hidalgo County, NM | Hidalgo County, TX | Highland County, OH | Highland County, VA | Highlands County, FL | Hill County, MT | Hill County, TX | Hillsborough County, FL | Hillsborough County, NH | Hillsdale County, MI | Hinds County, MS | Hinsdale County, CO | Hitchcock County, NE | Hocking County, OH | Hockley County, TX | Hodgeman County, KS | Hoke County, NC | Holmes County, FL | Holmes County, MS | Holmes County, OH | Holt County, MO | Holt County, NE | Honolulu County, HI | Hood County, TX | Hood River County, OR | Hooker County, NE | Hoonah-Angoon Census Area, AK | Hopewell City, VA | Hopkins County, KY | Hopkins County, TX | Hormigueros Municipio, PR | Horry County, SC | Hot Spring County, AR | Hot Springs County, WY | Houghton County, MI | Houston County, AL | Houston County, GA | Houston County, MN | Houston County, TN | Houston County, TX | Howard County, AR | Howard County, IA | Howard County, IN | Howard County, MD | Howard County, MO | Howard County, NE | Howard County, TX | Howell County, MO | Hubbard County, MN | Hudson County, NJ | Hudspeth County, TX | Huerfano County, CO | Hughes County, OK | Hughes County, SD | Humacao Municipio, PR | Humboldt County, CA | Humboldt County, IA | Humboldt County, NV | Humphreys County, MS | Humphreys County, TN | Hunt County, TX | Hunterdon County, NJ | Huntingdon County, PA | Huntington County, IN | Huron County, MI | Huron County, OH | Hutchinson County, SD | Hutchinson County, TX | Hyde County, NC | Hyde County, SD | Iberia Parish, LA | Iberville Parish, LA | Ida County, IA | Idaho County, ID | Imperial County, CA | Independence County, AR | Indian River County, FL | Indiana County, PA | Ingham County, MI | Inyo County, CA | Ionia County, MI | Iosco County, MI | Iowa County, IA | Iowa County, WI | Iredell County, NC | Irion County, TX | Iron County, MI | Iron County, MO | Iron County, UT | Iron County, WI | Iroquois County, IL | Irwin County, GA | Isabela Municipio, PR | Isabella County, MI | Isanti County, MN | Island County, WA | Isle Of Wight County, VA | Issaquena County, MS | Itasca County, MN | Itawamba County, MS | Izard County, AR | Jack County, TX | Jackson County, AL | Jackson County, AR | Jackson County, CO | Jackson County, FL | Jackson County, GA | Jackson County, IA | Jackson County, IL | Jackson County, IN | Jackson County, KS | Jackson County, KY | Jackson County, MI | Jackson County, MN | Jackson County, MO | Jackson County, MS | Jackson County, NC | Jackson County, OH | Jackson County, OK | Jackson County, OR | Jackson County, SD | Jackson County, TN | Jackson County, TX | Jackson County, WI | Jackson County, WV | Jackson Parish, LA | James City County, VA | Jasper County, GA | Jasper County, IA | Jasper County, IL | Jasper County, IN | Jasper County, MO | Jasper County, MS | Jasper County, SC | Jasper County, TX | Jay County, IN | Jayuya Municipio, PR | Jeff Davis County, GA | Jeff Davis County, TX | Jefferson County, AL | Jefferson County, AR | Jefferson County, CO | Jefferson County, FL | Jefferson County, GA | Jefferson County, IA | Jefferson County, ID | Jefferson County, IL | Jefferson County, IN | Jefferson County, KS | Jefferson County, KY | Jefferson County, MO | Jefferson County, MS | Jefferson County, MT | Jefferson County, NE | Jefferson County, NY | Jefferson County, OH | Jefferson County, OK | Jefferson County, OR | Jefferson County, PA | Jefferson County, TN | Jefferson County, TX | Jefferson County, WA | Jefferson County, WI | Jefferson County, WV | Jefferson Davis County, MS | Jefferson Davis Parish, LA | Jefferson Parish, LA | Jenkins County, GA | Jennings County, IN | Jerauld County, SD | Jerome County, ID | Jersey County, IL | Jessamine County, KY | Jewell County, KS | Jim Hogg County, TX | Jim Wells County, TX | Jo Daviess County, IL | Johnson County, AR | Johnson County, GA | Johnson County, IA | Johnson County, IL | Johnson County, IN | Johnson County, KS | Johnson County, KY | Johnson County, MO | Johnson County, NE | Johnson County, TN | Johnson County, TX | Johnson County, WY | Johnston County, NC | Johnston County, OK | Jones County, GA | Jones County, IA | Jones County, MS | Jones County, NC | Jones County, SD | Jones County, TX | Josephine County, OR | Juab County, UT | Juana Díaz Municipio, PR | Judith Basin County, MT | Juncos Municipio, PR | Juneau City and Borough, AK | Juneau County, WI | Juniata County, PA | Kalamazoo County, MI | Kalawao County, HI | Kalkaska County, MI | Kanabec County, MN | Kanawha County, WV | Kandiyohi County, MN | Kane County, IL | Kane County, UT | Kankakee County, IL | Karnes County, TX | Kauai County, HI | Kaufman County, TX | Kay County, OK | Kearney County, NE | Kearny County, KS | Keith County, NE | Kemper County, MS | Kenai Peninsula Borough, AK | Kendall County, IL | Kendall County, TX | Kenedy County, TX | Kennebec County, ME | Kenosha County, WI | Kent County, DE | Kent County, MD | Kent County, MI | Kent County, RI | Kent County, TX | Kenton County, KY | Keokuk County, IA | Kern County, CA | Kerr County, TX | Kershaw County, SC | Ketchikan Gateway Borough, AK | Kewaunee County, WI | Keweenaw County, MI | Keya Paha County, NE | Kidder County, ND | Kimball County, NE | Kimble County, TX | King And Queen County, VA | King County, TX | King County, WA | King George County, VA | King William County, VA | Kingfisher County, OK | Kingman County, KS | Kings County, CA | Kings County, NY | Kingsbury County, SD | Kinney County, TX | Kiowa County, CO | Kiowa County, KS | Kiowa County, OK | Kit Carson County, CO | Kitsap County, WA | Kittitas County, WA | Kittson County, MN | Klamath County, OR | Kleberg County, TX | Klickitat County, WA | Knott County, KY | Knox County, IL | Knox County, IN | Knox County, KY | Knox County, ME | Knox County, MO | Knox County, NE | Knox County, OH | Knox County, TN | Knox County, TX | Kodiak Island Borough, AK | Koochiching County, MN | Kootenai County, ID | Kosciusko County, IN | Kossuth County, IA | Kusilvak Census Area, AK | La Crosse County, WI | La Paz County, AZ | La Plata County, CO | La Salle County, TX | Labette County, KS | Lac Qui Parle County, MN | Lackawanna County, PA | Laclede County, MO | Lafayette County, AR | Lafayette County, FL | Lafayette County, MO | Lafayette County, MS | Lafayette County, WI | Lafayette Parish, LA | Lafourche Parish, LA | Lagrange County, IN | Lajas Municipio, PR | Lake County, CA | Lake County, CO | Lake County, FL | Lake County, IL | Lake County, IN | Lake County, MI | Lake County, MN | Lake County, MT | Lake County, OH | Lake County, OR | Lake County, SD | Lake County, TN | Lake Of The Woods County, MN | Lake and Peninsula Borough, AK | Lamar County, AL | Lamar County, GA | Lamar County, MS | Lamar County, TX | Lamb County, TX | Lamoille County, VT | Lamoure County, ND | Lampasas County, TX | Lancaster County, NE | Lancaster County, PA | Lancaster County, SC | Lancaster County, VA | Lander County, NV | Lane County, KS | Lane County, OR | Langlade County, WI | Lanier County, GA | Lapeer County, MI | Laporte County, IN | Laramie County, WY | Lares Municipio, PR | Larimer County, CO | Larue County, KY | Las Animas County, CO | Las Marías Municipio, PR | Las Piedras Municipio, PR | Lasalle County, IL | Lasalle Parish, LA | Lassen County, CA | Latah County, ID | Latimer County, OK | Lauderdale County, AL | Lauderdale County, MS | Lauderdale County, TN | Laurel County, KY | Laurens County, GA | Laurens County, SC | Lavaca County, TX | Lawrence County, AL | Lawrence County, AR | Lawrence County, IL | Lawrence County, IN | Lawrence County, KY | Lawrence County, MO | Lawrence County, MS | Lawrence County, OH | Lawrence County, PA | Lawrence County, SD | Lawrence County, TN | Le Flore County, OK | Le Sueur County, MN | Lea County, NM | Leake County, MS | Leavenworth County, KS | Lebanon County, PA | Lee County, AL | Lee County, AR | Lee County, FL | Lee County, GA | Lee County, IA | Lee County, IL | Lee County, KY | Lee County, MS | Lee County, NC | Lee County, SC | Lee County, TX | Lee County, VA | Leelanau County, MI | Leflore County, MS | Lehigh County, PA | Lemhi County, ID | Lenawee County, MI | Lenoir County, NC | Leon County, FL | Leon County, TX | Leslie County, KY | Letcher County, KY | Levy County, FL | Lewis And Clark County, MT | Lewis County, ID | Lewis County, KY | Lewis County, MO | Lewis County, NY | Lewis County, TN | Lewis County, WA | Lewis County, WV | Lexington City, VA | Lexington County, SC | Liberty County, FL | Liberty County, GA | Liberty County, MT | Liberty County, TX | Licking County, OH | Limestone County, AL | Limestone County, TX | Lincoln County, AR | Lincoln County, CO | Lincoln County, GA | Lincoln County, ID | Lincoln County, KS | Lincoln County, KY | Lincoln County, ME | Lincoln County, MN | Lincoln County, MO | Lincoln County, MS | Lincoln County, MT | Lincoln County, NC | Lincoln County, NE | Lincoln County, NM | Lincoln County, NV | Lincoln County, OK | Lincoln County, OR | Lincoln County, SD | Lincoln County, TN | Lincoln County, WA | Lincoln County, WI | Lincoln County, WV | Lincoln County, WY | Lincoln Parish, LA | Linn County, IA | Linn County, KS | Linn County, MO | Linn County, OR | Lipscomb County, TX | Litchfield County, CT | Little River County, AR | Live Oak County, TX | Livingston County, IL | Livingston County, KY | Livingston County, MI | Livingston County, MO | Livingston County, NY | Livingston Parish, LA | Llano County, TX | Logan County, AR | Logan County, CO | Logan County, IL | Logan County, KS | Logan County, KY | Logan County, ND | Logan County, NE | Logan County, OH | Logan County, OK | Logan County, WV | Long County, GA | Lonoke County, AR | Lorain County, OH | Los Alamos County, NM | Los Angeles County, CA | Loudon County, TN | Loudoun County, VA | Louisa County, IA | Louisa County, VA | Loup County, NE | Love County, OK | Loving County, TX | Lowndes County, AL | Lowndes County, GA | Lowndes County, MS | Loíza Municipio, PR | Lubbock County, TX | Lucas County, IA | Lucas County, OH | Luce County, MI | Lumpkin County, GA | Luna County, NM | Lunenburg County, VA | Luquillo Municipio, PR | Luzerne County, PA | Lycoming County, PA | Lyman County, SD | Lynchburg City, VA | Lynn County, TX | Lyon County, IA | Lyon County, KS | Lyon County, KY | Lyon County, MN | Lyon County, NV | Mackinac County, MI | Macomb County, MI | Macon County, AL | Macon County, GA | Macon County, IL | Macon County, MO | Macon County, NC | Macon County, TN | Macoupin County, IL | Madera County, CA | Madison County, AL | Madison County, AR | Madison County, FL | Madison County, GA | Madison County, IA | Madison County, ID | Madison County, IL | Madison County, IN | Madison County, KY | Madison County, MO | Madison County, MS | Madison County, MT | Madison County, NC | Madison County, NE | Madison County, NY | Madison County, OH | Madison County, TN | Madison County, TX | Madison County, VA | Madison Parish, LA | Magoffin County, KY | Mahaska County, IA | Mahnomen County, MN | Mahoning County, OH | Major County, OK | Malheur County, OR | Manassas City, VA | Manassas Park City, VA | Manatee County, FL | Manatí Municipio, PR | Manistee County, MI | Manitowoc County, WI | Marathon County, WI | Marengo County, AL | Maricao Municipio, PR | Maricopa County, AZ | Maries County, MO | Marin County, CA | Marinette County, WI | Marion County, AL | Marion County, AR | Marion County, FL | Marion County, GA | Marion County, IA | Marion County, IL | Marion County, IN | Marion County, KS | Marion County, KY | Marion County, MO | Marion County, MS | Marion County, OH | Marion County, OR | Marion County, SC | Marion County, TN | Marion County, TX | Marion County, WV | Mariposa County, CA | Marlboro County, SC | Marquette County, MI | Marquette County, WI | Marshall County, AL | Marshall County, IA | Marshall County, IL | Marshall County, IN | Marshall County, KS | Marshall County, KY | Marshall County, MN | Marshall County, MS | Marshall County, OK | Marshall County, SD | Marshall County, TN | Marshall County, WV | Martin County, FL | Martin County, IN | Martin County, KY | Martin County, MN | Martin County, NC | Martin County, TX | Martinsville City, VA | Mason County, IL | Mason County, KY | Mason County, MI | Mason County, TX | Mason County, WA | Mason County, WV | Massac County, IL | Matagorda County, TX | Matanuska-Susitna Borough, AK | Mathews County, VA | Maui County, HI | Maunabo Municipio, PR | Maury County, TN | Maverick County, TX | Mayagüez Municipio, PR | Mayes County, OK | Mcclain County, OK | Mccone County, MT | Mccook County, SD | Mccormick County, SC | Mccracken County, KY | Mccreary County, KY | Mcculloch County, TX | Mccurtain County, OK | Mcdonald County, MO | Mcdonough County, IL | Mcdowell County, NC | Mcdowell County, WV | Mcduffie County, GA | Mchenry County, IL | Mchenry County, ND | Mcintosh County, GA | Mcintosh County, ND | Mcintosh County, OK | Mckean County, PA | Mckenzie County, ND | Mckinley County, NM | Mclean County, IL | Mclean County, KY | Mclean County, ND | Mclennan County, TX | Mcleod County, MN | Mcminn County, TN | Mcmullen County, TX | Mcnairy County, TN | Mcpherson County, KS | Mcpherson County, NE | Mcpherson County, SD | Meade County, KS | Meade County, KY | Meade County, SD | Meagher County, MT | Mecklenburg County, NC | Mecklenburg County, VA | Mecosta County, MI | Medina County, OH | Medina County, TX | Meeker County, MN | Meigs County, OH | Meigs County, TN | Mellette County, SD | Menard County, IL | Menard County, TX | Mendocino County, CA | Menifee County, KY | Menominee County, MI | Menominee County, WI | Merced County, CA | Mercer County, IL | Mercer County, KY | Mercer County, MO | Mercer County, ND | Mercer County, NJ | Mercer County, OH | Mercer County, PA | Mercer County, WV | Meriwether County, GA | Merrick County, NE | Merrimack County, NH | Mesa County, CO | Metcalfe County, KY | Miami County, IN | Miami County, KS | Miami County, OH | Miami-Dade County, FL | Middlesex County, CT | Middlesex County, MA | Middlesex County, NJ | Middlesex County, VA | Midland County, MI | Midland County, TX | Mifflin County, PA | Milam County, TX | Millard County, UT | Mille Lacs County, MN | Miller County, AR | Miller County, GA | Miller County, MO | Mills County, IA | Mills County, TX | Milwaukee County, WI | Miner County, SD | Mineral County, CO | Mineral County, MT | Mineral County, NV | Mineral County, WV | Mingo County, WV | Minidoka County, ID | Minnehaha County, SD | Missaukee County, MI | Mississippi County, AR | Mississippi County, MO | Missoula County, MT | Mitchell County, GA | Mitchell County, IA | Mitchell County, KS | Mitchell County, NC | Mitchell County, TX | Mobile County, AL | Moca Municipio, PR | Modoc County, CA | Moffat County, CO | Mohave County, AZ | Moniteau County, MO | Monmouth County, NJ | Mono County, CA | Monona County, IA | Monongalia County, WV | Monroe County, AL | Monroe County, AR | Monroe County, FL | Monroe County, GA | Monroe County, IA | Monroe County, IL | Monroe County, IN | Monroe County, KY | Monroe County, MI | Monroe County, MO | Monroe County, MS | Monroe County, NY | Monroe County, OH | Monroe County, PA | Monroe County, TN | Monroe County, WI | Monroe County, WV | Montague County, TX | Montcalm County, MI | Monterey County, CA | Montezuma County, CO | Montgomery County, AL | Montgomery County, AR | Montgomery County, GA | Montgomery County, IA | Montgomery County, IL | Montgomery County, IN | Montgomery County, KS | Montgomery County, KY | Montgomery County, MD | Montgomery County, MO | Montgomery County, MS | Montgomery County, NC | Montgomery County, NY | Montgomery County, OH | Montgomery County, PA | Montgomery County, TN | Montgomery County, TX | Montgomery County, VA | Montmorency County, MI | Montour County, PA | Montrose County, CO | Moody County, SD | Moore County, NC | Moore County, TN | Moore County, TX | Mora County, NM | Morehouse Parish, LA | Morgan County, AL | Morgan County, CO | Morgan County, GA | Morgan County, IL | Morgan County, IN | Morgan County, KY | Morgan County, MO | Morgan County, OH | Morgan County, TN | Morgan County, UT | Morgan County, WV | Morovis Municipio, PR | Morrill County, NE | Morris County, KS | Morris County, NJ | Morris County, TX | Morrison County, MN | Morrow County, OH | Morrow County, OR | Morton County, KS | Morton County, ND | Motley County, TX | Moultrie County, IL | Mountrail County, ND | Mower County, MN | Muhlenberg County, KY | Multnomah County, OR | Murray County, GA | Murray County, MN | Murray County, OK | Muscatine County, IA | Muscogee County, GA | Muskegon County, MI | Muskingum County, OH | Muskogee County, OK | Musselshell County, MT | Nacogdoches County, TX | Naguabo Municipio, PR | Nance County, NE | Nantucket County, MA | Napa County, CA | Naranjito Municipio, PR | Nash County, NC | Nassau County, FL | Nassau County, NY | Natchitoches Parish, LA | Natrona County, WY | Navajo County, AZ | Navarro County, TX | Nelson County, KY | Nelson County, ND | Nelson County, VA | Nemaha County, KS | Nemaha County, NE | Neosho County, KS | Neshoba County, MS | Ness County, KS | Nevada County, AR | Nevada County, CA | New Castle County, DE | New Hanover County, NC | New Haven County, CT | New Kent County, VA | New London County, CT | New Madrid County, MO | New York County, NY | Newaygo County, MI | Newberry County, SC | Newport County, RI | Newport News City, VA | Newton County, AR | Newton County, GA | Newton County, IN | Newton County, MO | Newton County, MS | Newton County, TX | Nez Perce County, ID | Niagara County, NY | Nicholas County, KY | Nicholas County, WV | Nicollet County, MN | Niobrara County, WY | Noble County, IN | Noble County, OH | Noble County, OK | Nobles County, MN | Nodaway County, MO | Nolan County, TX | Nome Census Area, AK | Norfolk City, VA | Norfolk County, MA | Norman County, MN | North Slope Borough, AK | Northampton County, NC | Northampton County, PA | Northampton County, VA | Northumberland County, PA | Northumberland County, VA | Northwest Arctic Borough, AK | Norton City, VA | Norton County, KS | Nottoway County, VA | Nowata County, OK | Noxubee County, MS | Nuckolls County, NE | Nueces County, TX | Nye County, NV | O'brien County, IA | Oakland County, MI | Obion County, TN | Ocean County, NJ | Oceana County, MI | Ochiltree County, TX | Oconee County, GA | Oconee County, SC | Oconto County, WI | Ogemaw County, MI | Oglala Lakota County, SD | Ogle County, IL | Oglethorpe County, GA | Ohio County, IN | Ohio County, KY | Ohio County, WV | Okaloosa County, FL | Okanogan County, WA | Okeechobee County, FL | Okfuskee County, OK | Oklahoma County, OK | Okmulgee County, OK | Oktibbeha County, MS | Oldham County, KY | Oldham County, TX | Oliver County, ND | Olmsted County, MN | Oneida County, ID | Oneida County, NY | Oneida County, WI | Onondaga County, NY | Onslow County, NC | Ontario County, NY | Ontonagon County, MI | Orange County, CA | Orange County, FL | Orange County, IN | Orange County, NC | Orange County, NY | Orange County, TX | Orange County, VA | Orange County, VT | Orangeburg County, SC | Oregon County, MO | Orleans County, NY | Orleans County, VT | Orleans Parish, LA | Orocovis Municipio, PR | Osage County, KS | Osage County, MO | Osage County, OK | Osborne County, KS | Osceola County, FL | Osceola County, IA | Osceola County, MI | Oscoda County, MI | Oswego County, NY | Otero County, CO | Otero County, NM | Otoe County, NE | Otsego County, MI | Otsego County, NY | Ottawa County, KS | Ottawa County, MI | Ottawa County, OH | Ottawa County, OK | Otter Tail County, MN | Ouachita County, AR | Ouachita Parish, LA | Ouray County, CO | Outagamie County, WI | Overton County, TN | Owen County, IN | Owen County, KY | Owsley County, KY | Owyhee County, ID | Oxford County, ME | Ozark County, MO | Ozaukee County, WI | Pacific County, WA | Page County, IA | Page County, VA | Palm Beach County, FL | Palo Alto County, IA | Palo Pinto County, TX | Pamlico County, NC | Panola County, MS | Panola County, TX | Park County, CO | Park County, MT | Park County, WY | Parke County, IN | Parker County, TX | Parmer County, TX | Pasco County, FL | Pasquotank County, NC | Passaic County, NJ | Patillas Municipio, PR | Patrick County, VA | Paulding County, GA | Paulding County, OH | Pawnee County, KS | Pawnee County, NE | Pawnee County, OK | Payette County, ID | Payne County, OK | Peach County, GA | Pearl River County, MS | Pecos County, TX | Pembina County, ND | Pemiscot County, MO | Pend Oreille County, WA | Pender County, NC | Pendleton County, KY | Pendleton County, WV | Pennington County, MN | Pennington County, SD | Penobscot County, ME | Peoria County, IL | Pepin County, WI | Perkins County, NE | Perkins County, SD | Perquimans County, NC | Perry County, AL | Perry County, AR | Perry County, IL | Perry County, IN | Perry County, KY | Perry County, MO | Perry County, MS | Perry County, OH | Perry County, PA | Perry County, TN | Pershing County, NV | Person County, NC | Petersburg Census Area, AK | Petersburg City, VA | Petroleum County, MT | Pettis County, MO | Peñuelas Municipio, PR | Phelps County, MO | Phelps County, NE | Philadelphia County, PA | Phillips County, AR | Phillips County, CO | Phillips County, KS | Phillips County, MT | Piatt County, IL | Pickaway County, OH | Pickens County, AL | Pickens County, GA | Pickens County, SC | Pickett County, TN | Pierce County, GA | Pierce County, ND | Pierce County, NE | Pierce County, WA | Pierce County, WI | Pike County, AL | Pike County, AR | Pike County, GA | Pike County, IL | Pike County, IN | Pike County, KY | Pike County, MO | Pike County, MS | Pike County, OH | Pike County, PA | Pima County, AZ | Pinal County, AZ | Pine County, MN | Pinellas County, FL | Pipestone County, MN | Piscataquis County, ME | Pitkin County, CO | Pitt County, NC | Pittsburg County, OK | Pittsylvania County, VA | Piute County, UT | Placer County, CA | Plaquemines Parish, LA | Platte County, MO | Platte County, NE | Platte County, WY | Pleasants County, WV | Plumas County, CA | Plymouth County, IA | Plymouth County, MA | Pocahontas County, IA | Pocahontas County, WV | Poinsett County, AR | Pointe Coupee Parish, LA | Polk County, AR | Polk County, FL | Polk County, GA | Polk County, IA | Polk County, MN | Polk County, MO | Polk County, NC | Polk County, NE | Polk County, OR | Polk County, TN | Polk County, TX | Polk County, WI | Ponce Municipio, PR | Pondera County, MT | Pontotoc County, MS | Pontotoc County, OK | Pope County, AR | Pope County, IL | Pope County, MN | Poquoson City, VA | Portage County, OH | Portage County, WI | Porter County, IN | Portsmouth City, VA | Posey County, IN | Pottawatomie County, KS | Pottawatomie County, OK | Pottawattamie County, IA | Potter County, PA | Potter County, SD | Potter County, TX | Powder River County, MT | Powell County, KY | Powell County, MT | Power County, ID | Poweshiek County, IA | Powhatan County, VA | Prairie County, AR | Prairie County, MT | Pratt County, KS | Preble County, OH | Prentiss County, MS | Presidio County, TX | Presque Isle County, MI | Preston County, WV | Price County, WI | Prince Edward County, VA | Prince George County, VA | Prince George's County, MD | Prince William County, VA | Prince of Wales-Hyder Census Area, AK | Providence County, RI | Prowers County, CO | Pueblo County, CO | Pulaski County, AR | Pulaski County, GA | Pulaski County, IL | Pulaski County, IN | Pulaski County, KY | Pulaski County, MO | Pulaski County, VA | Pushmataha County, OK | Putnam County, FL | Putnam County, GA | Putnam County, IL | Putnam County, IN | Putnam County, MO | Putnam County, NY | Putnam County, OH | Putnam County, TN | Putnam County, WV | Quay County, NM | Quebradillas Municipio, PR | Queen Anne's County, MD | Queens County, NY | Quitman County, GA | Quitman County, MS | Rabun County, GA | Racine County, WI | Radford City, VA | Rains County, TX | Raleigh County, WV | Ralls County, MO | Ramsey County, MN | Ramsey County, ND | Randall County, TX | Randolph County, AL | Randolph County, AR | Randolph County, GA | Randolph County, IL | Randolph County, IN | Randolph County, MO | Randolph County, NC | Randolph County, WV | Rankin County, MS | Ransom County, ND | Rapides Parish, LA | Rappahannock County, VA | Ravalli County, MT | Rawlins County, KS | Ray County, MO | Reagan County, TX | Real County, TX | Red Lake County, MN | Red River County, TX | Red River Parish, LA | Red Willow County, NE | Redwood County, MN | Reeves County, TX | Refugio County, TX | Reno County, KS | Rensselaer County, NY | Renville County, MN | Renville County, ND | Republic County, KS | Reynolds County, MO | Rhea County, TN | Rice County, KS | Rice County, MN | Rich County, UT | Richardson County, NE | Richland County, IL | Richland County, MT | Richland County, ND | Richland County, OH | Richland County, SC | Richland County, WI | Richland Parish, LA | Richmond City, VA | Richmond County, GA | Richmond County, NC | Richmond County, NY | Richmond County, VA | Riley County, KS | Rincón Municipio, PR | Ringgold County, IA | Rio Arriba County, NM | Rio Blanco County, CO | Rio Grande County, CO | Ripley County, IN | Ripley County, MO | Ritchie County, WV | Riverside County, CA | Roane County, TN | Roane County, WV | Roanoke City, VA | Roanoke County, VA | Roberts County, SD | Roberts County, TX | Robertson County, KY | Robertson County, TN | Robertson County, TX | Robeson County, NC | Rock County, MN | Rock County, NE | Rock County, WI | Rock Island County, IL | Rockbridge County, VA | Rockcastle County, KY | Rockdale County, GA | Rockingham County, NC | Rockingham County, NH | Rockingham County, VA | Rockland County, NY | Rockwall County, TX | Roger Mills County, OK | Rogers County, OK | Rolette County, ND | Rooks County, KS | Roosevelt County, MT | Roosevelt County, NM | Roscommon County, MI | Roseau County, MN | Rosebud County, MT | Ross County, OH | Routt County, CO | Rowan County, KY | Rowan County, NC | Runnels County, TX | Rush County, IN | Rush County, KS | Rusk County, TX | Rusk County, WI | Russell County, AL | Russell County, KS | Russell County, KY | Russell County, VA | Rutherford County, NC | Rutherford County, TN | Rutland County, VT | Río Grande Municipio, PR | Sabana Grande Municipio, PR | Sabine County, TX | Sabine Parish, LA | Sac County, IA | Sacramento County, CA | Sagadahoc County, ME | Saginaw County, MI | Saguache County, CO | Salem City, VA | Salem County, NJ | Salinas Municipio, PR | Saline County, AR | Saline County, IL | Saline County, KS | Saline County, MO | Saline County, NE | Salt Lake County, UT | Saluda County, SC | Sampson County, NC | San Augustine County, TX | San Benito County, CA | San Bernardino County, CA | San Diego County, CA | San Francisco County, CA | San Germán Municipio, PR | San Jacinto County, TX | San Joaquin County, CA | San Juan County, CO | San Juan County, NM | San Juan County, UT | San Juan County, WA | San Juan Municipio, PR | San Lorenzo Municipio, PR | San Luis Obispo County, CA | San Mateo County, CA | San Miguel County, CO | San Miguel County, NM | San Patricio County, TX | San Saba County, TX | San Sebastián Municipio, PR | Sanborn County, SD | Sanders County, MT | Sandoval County, NM | Sandusky County, OH | Sangamon County, IL | Sanilac County, MI | Sanpete County, UT | Santa Barbara County, CA | Santa Clara County, CA | Santa Cruz County, AZ | Santa Cruz County, CA | Santa Fe County, NM | Santa Isabel Municipio, PR | Santa Rosa County, FL | Sarasota County, FL | Saratoga County, NY | Sargent County, ND | Sarpy County, NE | Sauk County, WI | Saunders County, NE | Sawyer County, WI | Schenectady County, NY | Schleicher County, TX | Schley County, GA | Schoharie County, NY | Schoolcraft County, MI | Schuyler County, IL | Schuyler County, MO | Schuyler County, NY | Schuylkill County, PA | Scioto County, OH | Scotland County, MO | Scotland County, NC | Scott County, AR | Scott County, IA | Scott County, IL | Scott County, IN | Scott County, KS | Scott County, KY | Scott County, MN | Scott County, MO | Scott County, MS | Scott County, TN | Scott County, VA | Scotts Bluff County, NE | Screven County, GA | Scurry County, TX | Searcy County, AR | Sebastian County, AR | Sedgwick County, CO | Sedgwick County, KS | Seminole County, FL | Seminole County, GA | Seminole County, OK | Seneca County, NY | Seneca County, OH | Sequatchie County, TN | Sequoyah County, OK | Sevier County, AR | Sevier County, TN | Sevier County, UT | Seward County, KS | Seward County, NE | Shackelford County, TX | Shannon County, MO | Sharkey County, MS | Sharp County, AR | Shasta County, CA | Shawano County, WI | Shawnee County, KS | Sheboygan County, WI | Shelby County, AL | Shelby County, IA | Shelby County, IL | Shelby County, IN | Shelby County, KY | Shelby County, MO | Shelby County, OH | Shelby County, TN | Shelby County, TX | Shenandoah County, VA | Sherburne County, MN | Sheridan County, KS | Sheridan County, MT | Sheridan County, ND | Sheridan County, NE | Sheridan County, WY | Sherman County, KS | Sherman County, NE | Sherman County, OR | Sherman County, TX | Shiawassee County, MI | Shoshone County, ID | Sibley County, MN | Sierra County, CA | Sierra County, NM | Silver Bow County, MT | Simpson County, KY | Simpson County, MS | Sioux County, IA | Sioux County, ND | Sioux County, NE | Siskiyou County, CA | Sitka City and Borough, AK | Skagit County, WA | Skagway Municipality, AK | Skamania County, WA | Slope County, ND | Smith County, KS | Smith County, MS | Smith County, TN | Smith County, TX | Smyth County, VA | Snohomish County, WA | Snyder County, PA | Socorro County, NM | Solano County, CA | Somerset County, MD | Somerset County, ME | Somerset County, NJ | Somerset County, PA | Somervell County, TX | Sonoma County, CA | Southampton County, VA | Southeast Fairbanks Census Area, AK | Spalding County, GA | Spartanburg County, SC | Spencer County, IN | Spencer County, KY | Spink County, SD | Spokane County, WA | Spotsylvania County, VA | St. Bernard Parish, LA | St. Charles County, MO | St. Charles Parish, LA | St. Clair County, AL | St. Clair County, IL | St. Clair County, MI | St. Clair County, MO | St. Croix County, WI | St. Francis County, AR | St. Francois County, MO | St. Helena Parish, LA | St. James Parish, LA | St. John The Baptist Parish, LA | St. Johns County, FL | St. Joseph County, IN | St. Joseph County, MI | St. Landry Parish, LA | St. Lawrence County, NY | St. Louis City, MO | St. Louis County, MN | St. Louis County, MO | St. Lucie County, FL | St. Martin Parish, LA | St. Mary Parish, LA | St. Mary's County, MD | St. Tammany Parish, LA | Stafford County, KS | Stafford County, VA | Stanislaus County, CA | Stanley County, SD | Stanly County, NC | Stanton County, KS | Stanton County, NE | Stark County, IL | Stark County, ND | Stark County, OH | Starke County, IN | Starr County, TX | Staunton City, VA | Ste. Genevieve County, MO | Stearns County, MN | Steele County, MN | Steele County, ND | Stephens County, GA | Stephens County, OK | Stephens County, TX | Stephenson County, IL | Sterling County, TX | Steuben County, IN | Steuben County, NY | Stevens County, KS | Stevens County, MN | Stevens County, WA | Stewart County, GA | Stewart County, TN | Stillwater County, MT | Stoddard County, MO | Stokes County, NC | Stone County, AR | Stone County, MO | Stone County, MS | Stonewall County, TX | Storey County, NV | Story County, IA | Strafford County, NH | Stutsman County, ND | Sublette County, WY | Suffolk City, VA | Suffolk County, MA | Suffolk County, NY | Sullivan County, IN | Sullivan County, MO | Sullivan County, NH | Sullivan County, NY | Sullivan County, PA | Sullivan County, TN | Sully County, SD | Summers County, WV | Summit County, CO | Summit County, OH | Summit County, UT | Sumner County, KS | Sumner County, TN | Sumter County, AL | Sumter County, FL | Sumter County, GA | Sumter County, SC | Sunflower County, MS | Surry County, NC | Surry County, VA | Susquehanna County, PA | Sussex County, DE | Sussex County, NJ | Sussex County, VA | Sutter County, CA | Sutton County, TX | Suwannee County, FL | Swain County, NC | Sweet Grass County, MT | Sweetwater County, WY | Swift County, MN | Swisher County, TX | Switzerland County, IN | Talbot County, GA | Talbot County, MD | Taliaferro County, GA | Talladega County, AL | Tallahatchie County, MS | Tallapoosa County, AL | Tama County, IA | Taney County, MO | Tangipahoa Parish, LA | Taos County, NM | Tarrant County, TX | Tate County, MS | Tattnall County, GA | Taylor County, FL | Taylor County, GA | Taylor County, IA | Taylor County, KY | Taylor County, TX | Taylor County, WI | Taylor County, WV | Tazewell County, IL | Tazewell County, VA | Tehama County, CA | Telfair County, GA | Teller County, CO | Tensas Parish, LA | Terrebonne Parish, LA | Terrell County, GA | Terrell County, TX | Terry County, TX | Teton County, ID | Teton County, MT | Teton County, WY | Texas County, MO | Texas County, OK | Thayer County, NE | Thomas County, GA | Thomas County, KS | Thomas County, NE | Throckmorton County, TX | Thurston County, NE | Thurston County, WA | Tift County, GA | Tillamook County, OR | Tillman County, OK | Tioga County, NY | Tioga County, PA | Tippah County, MS | Tippecanoe County, IN | Tipton County, IN | Tipton County, TN | Tishomingo County, MS | Titus County, TX | Toa Alta Municipio, PR | Toa Baja Municipio, PR | Todd County, KY | Todd County, MN | Todd County, SD | Tolland County, CT | Tom Green County, TX | Tompkins County, NY | Tooele County, UT | Toole County, MT | Toombs County, GA | Torrance County, NM | Towner County, ND | Towns County, GA | Traill County, ND | Transylvania County, NC | Traverse County, MN | Travis County, TX | Treasure County, MT | Trego County, KS | Trempealeau County, WI | Treutlen County, GA | Trigg County, KY | Trimble County, KY | Trinity County, CA | Trinity County, TX | Tripp County, SD | Troup County, GA | Trousdale County, TN | Trujillo Alto Municipio, PR | Trumbull County, OH | Tucker County, WV | Tulare County, CA | Tulsa County, OK | Tunica County, MS | Tuolumne County, CA | Turner County, GA | Turner County, SD | Tuscaloosa County, AL | Tuscarawas County, OH | Tuscola County, MI | Twiggs County, GA | Twin Falls County, ID | Tyler County, TX | Tyler County, WV | Tyrrell County, NC | Uinta County, WY | Uintah County, UT | Ulster County, NY | Umatilla County, OR | Unicoi County, TN | Union County, AR | Union County, FL | Union County, GA | Union County, IA | Union County, IL | Union County, IN | Union County, KY | Union County, MS | Union County, NC | Union County, NJ | Union County, NM | Union County, OH | Union County, OR | Union County, PA | Union County, SC | Union County, SD | Union County, TN | Union Parish, LA | Upshur County, TX | Upshur County, WV | Upson County, GA | Upton County, TX | Utah County, UT | Utuado Municipio, PR | Uvalde County, TX | Val Verde County, TX | Valdez-Cordova Census Area, AK | Valencia County, NM | Valley County, ID | Valley County, MT | Valley County, NE | Van Buren County, AR | Van Buren County, IA | Van Buren County, MI | Van Buren County, TN | Van Wert County, OH | Van Zandt County, TX | Vance County, NC | Vanderburgh County, IN | Vega Alta Municipio, PR | Vega Baja Municipio, PR | Venango County, PA | Ventura County, CA | Vermilion County, IL | Vermilion Parish, LA | Vermillion County, IN | Vernon County, MO | Vernon County, WI | Vernon Parish, LA | Victoria County, TX | Vieques Municipio, PR | Vigo County, IN | Vilas County, WI | Villalba Municipio, PR | Vinton County, OH | Virginia Beach City, VA | Volusia County, FL | Wabash County, IL | Wabash County, IN | Wabasha County, MN | Wabaunsee County, KS | Wadena County, MN | Wagoner County, OK | Wahkiakum County, WA | Wake County, NC | Wakulla County, FL | Waldo County, ME | Walker County, AL | Walker County, GA | Walker County, TX | Walla Walla County, WA | Wallace County, KS | Waller County, TX | Wallowa County, OR | Walsh County, ND | Walthall County, MS | Walton County, FL | Walton County, GA | Walworth County, SD | Walworth County, WI | Wapello County, IA | Ward County, ND | Ward County, TX | Ware County, GA | Warren County, GA | Warren County, IA | Warren County, IL | Warren County, IN | Warren County, KY | Warren County, MO | Warren County, MS | Warren County, NC | Warren County, NJ | Warren County, NY | Warren County, OH | Warren County, PA | Warren County, TN | Warren County, VA | Warrick County, IN | Wasatch County, UT | Wasco County, OR | Waseca County, MN | Washakie County, WY | Washburn County, WI | Washington County, AL | Washington County, AR | Washington County, CO | Washington County, FL | Washington County, GA | Washington County, IA | Washington County, ID | Washington County, IL | Washington County, IN | Washington County, KS | Washington County, KY | Washington County, MD | Washington County, ME | Washington County, MN | Washington County, MO | Washington County, MS | Washington County, NC | Washington County, NE | Washington County, NY | Washington County, OH | Washington County, OK | Washington County, OR | Washington County, PA | Washington County, RI | Washington County, TN | Washington County, TX | Washington County, UT | Washington County, VA | Washington County, VT | Washington County, WI | Washington Parish, LA | Washita County, OK | Washoe County, NV | Washtenaw County, MI | Watauga County, NC | Watonwan County, MN | Waukesha County, WI | Waupaca County, WI | Waushara County, WI | Wayne County, GA | Wayne County, IA | Wayne County, IL | Wayne County, IN | Wayne County, KY | Wayne County, MI | Wayne County, MO | Wayne County, MS | Wayne County, NC | Wayne County, NE | Wayne County, NY | Wayne County, OH | Wayne County, PA | Wayne County, TN | Wayne County, UT | Wayne County, WV | Waynesboro City, VA | Weakley County, TN | Webb County, TX | Weber County, UT | Webster County, GA | Webster County, IA | Webster County, KY | Webster County, MO | Webster County, MS | Webster County, NE | Webster County, WV | Webster Parish, LA | Weld County, CO | Wells County, IN | Wells County, ND | West Baton Rouge Parish, LA | West Carroll Parish, LA | West Feliciana Parish, LA | Westchester County, NY | Westmoreland County, PA | Westmoreland County, VA | Weston County, WY | Wetzel County, WV | Wexford County, MI | Wharton County, TX | Whatcom County, WA | Wheatland County, MT | Wheeler County, GA | Wheeler County, NE | Wheeler County, OR | Wheeler County, TX | White County, AR | White County, GA | White County, IL | White County, IN | White County, TN | White Pine County, NV | Whiteside County, IL | Whitfield County, GA | Whitley County, IN | Whitley County, KY | Whitman County, WA | Wibaux County, MT | Wichita County, KS | Wichita County, TX | Wicomico County, MD | Wilbarger County, TX | Wilcox County, AL | Wilcox County, GA | Wilkes County, GA | Wilkes County, NC | Wilkin County, MN | Wilkinson County, GA | Wilkinson County, MS | Will County, IL | Willacy County, TX | Williams County, ND | Williams County, OH | Williamsburg City, VA | Williamsburg County, SC | Williamson County, IL | Williamson County, TN | Williamson County, TX | Wilson County, KS | Wilson County, NC | Wilson County, TN | Wilson County, TX | Winchester City, VA | Windham County, CT | Windham County, VT | Windsor County, VT | Winkler County, TX | Winn Parish, LA | Winnebago County, IA | Winnebago County, IL | Winnebago County, WI | Winneshiek County, IA | Winona County, MN | Winston County, AL | Winston County, MS | Wirt County, WV | Wise County, TX | Wise County, VA | Wolfe County, KY | Wood County, OH | Wood County, TX | Wood County, WI | Wood County, WV | Woodbury County, IA | Woodford County, IL | Woodford County, KY | Woodruff County, AR | Woods County, OK | Woodson County, KS | Woodward County, OK | Worcester County, MA | Worcester County, MD | Worth County, GA | Worth County, IA | Worth County, MO | Wrangell City and Borough, AK | Wright County, IA | Wright County, MN | Wright County, MO | Wyandot County, OH | Wyandotte County, KS | Wyoming County, NY | Wyoming County, PA | Wyoming County, WV | Wythe County, VA | Yabucoa Municipio, PR | Yadkin County, NC | Yakima County, WA | Yakutat City and Borough, AK | Yalobusha County, MS | Yamhill County, OR | Yancey County, NC | Yankton County, SD | Yates County, NY | Yauco Municipio, PR | Yavapai County, AZ | Yazoo County, MS | Yell County, AR | Yellow Medicine County, MN | Yellowstone County, MT | Yoakum County, TX | Yolo County, CA | York County, ME | York County, NE | York County, PA | York County, SC | York County, VA | Young County, TX | Yuba County, CA | Yukon-Koyukuk Census Area, AK | Yuma County, AZ | Yuma County, CO | Zapata County, TX | Zavala County, TX | Ziebach County, SD | American Indian/Alaska Native | Asian | Black/African American | Hispanic/Latino | Both sexes | Ages 13 years and older | All transmission categories"
Footnote(s): Data for years 2021 and 2022 are preliminary (subject to a 12-month reporting delay). Data for the year 2020 should be interpreted with caution due to the impact of the COVID-19 pandemic on access to HIV testing, care-related services, and case surveillance activities in state/local jurisdictions. Inclusion of 2020 through 2022 data in trend assessments is discouraged. Data by transmission category presented based on sex assigned at birth and are adjusted for missing transmission category. See Technical notes for more details on data availability and stratifications.
The 'Sex' column is used for either sex at birth or gender identity.
NA - Not applicable.



Indicator,Year,State,County,Geography,FIPS,Age Group,Race/Ethnicity,Sex,Transmission Category,Cases,Rate per 100000,Population
"HIV diagnoses","2019","AL","Autauga County","Autauga County, AL","01001","Ages 13 years and older","Hispanic/Latino","Both sexes","All transmission categories","0","0.0","1,250"
"HIV diagnoses","2019","AL","Autauga County","Autauga County, AL","01001","Ages 13 years and older","Black/African American","Both sexes","All transmission categories","5","54.6","9,155"
"HIV diagnoses","2019","AL","Autauga County","Autauga County, AL","01001","Ages 13 years and older","Asian","Both sexes","All transmission categories","0","0.0","537"
"HIV diagnoses","2019","AL","Autauga County","Autauga County, AL","01001","Ages 13 years and older","American Indian/Alaska Native","Both sexes","All transmission categories","0","0.0","210"
"HIV diagnoses","2019","AL","Autauga County","Autauga County, AL","01001","Ages 13 years and older","Multiracial","Both sexes","All transmission categories","0","0.0","563"
"HIV diagnoses","2019","AL","Autauga County","Autauga County, AL","01001","Ages 13 years and older","White","Both sexes","All transmission categories","Data suppressed","Data suppressed","34,998"
"HIV diagnoses","2019","AL","Autauga County","Autauga County, AL","01001","Ages 13 years and older","Native Hawaiian/Other Pacific Islander","Both sexes","All transmission categories","Data suppressed","Data suppressed","33"
"HIV diagnoses","2008","AL","Baldwin County","Baldwin County, AL","01003","Ages 13 years and older","Hispanic/Latino","Both sexes","All transmission categories","Data suppressed","Data suppressed","3,671"
"HIV diagnoses","2008","AL","Baldwin County","Baldwin County, AL","01003","Ages 13 years and older","Black/African American","Both sexes","All transmission categories","9","64.5","13,956"
"HIV diagnoses","2008","AL","Baldwin County","Baldwin County, AL","01003","Ages 13 years and older","Asian","Both sexes","All transmission categories","0","0.0","782"
"HIV diagnoses","2008","AL","Baldwin County","Baldwin County, AL","01003","Ages 13 years and older","American Indian/Alaska Native","Both sexes","All transmission categories","0","0.0","691"
"HIV diagnoses","2008","AL","Baldwin County","Baldwin County, AL","01003","Ages 13 years and older","Multiracial","Both sexes","All transmission categories","Data suppressed","Data suppressed","1,025"
"HIV diagnoses","2008","AL","Baldwin County","Baldwin County, AL","01003","Ages 13 years and older","White","Both sexes","All transmission categories","6","4.7","126,977"
"HIV diagnoses","2008","AL","Baldwin County","Baldwin County, AL","01003","Ages 13 years and older","Native Hawaiian/Other Pacific Islander","Both sexes","All transmission categories","Data suppressed","Data suppressed","34"



